timestamp,hour,day,month,year,day_of_week,is_rush_hour,is_weekend
2025-12-09 19:00:00,19,9,12,2025,Tuesday,True,False
2025-12-09 20:00:00,20,9,12,2025,Tuesday,False,False
2025-12-09 21:00:00,21,9,12,2025,Tuesday,False,False
2025-12-09 22:00:00,22,9,12,2025,Tuesday,False,False
2025-12-09 23:00:00,23,9,12,2025,Tuesday,False,False
2025-12-10 00:00:00,0,10,12,2025,Wednesday,False,False
2025-12-10 01:00:00,1,10,12,2025,Wednesday,False,False
2025-12-10 02:00:00,2,10,12,2025,Wednesday,False,False
2025-12-10 03:00:00,3,10,12,2025,Wednesday,False,False
2025-12-10 04:00:00,4,10,12,2025,Wednesday,False,False
2025-12-10 05:00:00,5,10,12,2025,Wednesday,False,False
2025-12-10 06:00:00,6,10,12,2025,Wednesday,False,False
2025-12-10 07:00:00,7,10,12,2025,Wednesday,True,False
2025-12-10 08:00:00,8,10,12,2025,Wednesday,True,False
2025-12-10 09:00:00,9,10,12,2025,Wednesday,True,False
2025-12-10 10:00:00,10,10,12,2025,Wednesday,False,False
2025-12-10 11:00:00,11,10,12,2025,Wednesday,False,False
2025-12-10 12:00:00,12,10,12,2025,Wednesday,False,False
2025-12-10 13:00:00,13,10,12,2025,Wednesday,False,False
2025-12-10 14:00:00,14,10,12,2025,Wednesday,False,False
2025-12-10 15:00:00,15,10,12,2025,Wednesday,False,False
2025-12-10 16:00:00,16,10,12,2025,Wednesday,False,False
2025-12-10 17:00:00,17,10,12,2025,Wednesday,True,False
2025-12-10 18:00:00,18,10,12,2025,Wednesday,True,False
2025-12-10 19:00:00,19,10,12,2025,Wednesday,True,False
2025-12-10 20:00:00,20,10,12,2025,Wednesday,False,False
2025-12-10 21:00:00,21,10,12,2025,Wednesday,False,False
2025-12-10 22:00:00,22,10,12,2025,Wednesday,False,False
2025-12-10 23:00:00,23,10,12,2025,Wednesday,False,False
2025-12-11 00:00:00,0,11,12,2025,Thursday,False,False
2025-12-11 01:00:00,1,11,12,2025,Thursday,False,False
2025-12-11 02:00:00,2,11,12,2025,Thursday,False,False
2025-12-11 03:00:00,3,11,12,2025,Thursday,False,False
2025-12-11 04:00:00,4,11,12,2025,Thursday,False,False
2025-12-11 05:00:00,5,11,12,2025,Thursday,False,False
2025-12-11 06:00:00,6,11,12,2025,Thursday,False,False
2025-12-11 07:00:00,7,11,12,2025,Thursday,True,False
2025-12-11 08:00:00,8,11,12,2025,Thursday,True,False
2025-12-11 09:00:00,9,11,12,2025,Thursday,True,False
2025-12-11 10:00:00,10,11,12,2025,Thursday,False,False
2025-12-11 11:00:00,11,11,12,2025,Thursday,False,False
2025-12-11 12:00:00,12,11,12,2025,Thursday,False,False
2025-12-11 13:00:00,13,11,12,2025,Thursday,False,False
2025-12-11 14:00:00,14,11,12,2025,Thursday,False,False
2025-12-11 15:00:00,15,11,12,2025,Thursday,False,False
2025-12-11 16:00:00,16,11,12,2025,Thursday,False,False
2025-12-11 17:00:00,17,11,12,2025,Thursday,True,False
2025-12-11 18:00:00,18,11,12,2025,Thursday,True,False
2025-12-11 19:00:00,19,11,12,2025,Thursday,True,False
2025-12-11 20:00:00,20,11,12,2025,Thursday,False,False
2025-12-11 21:00:00,21,11,12,2025,Thursday,False,False
2025-12-11 22:00:00,22,11,12,2025,Thursday,False,False
2025-12-11 23:00:00,23,11,12,2025,Thursday,False,False
2025-12-12 00:00:00,0,12,12,2025,Friday,False,False
2025-12-12 01:00:00,1,12,12,2025,Friday,False,False
2025-12-12 02:00:00,2,12,12,2025,Friday,False,False
2025-12-12 03:00:00,3,12,12,2025,Friday,False,False
2025-12-12 04:00:00,4,12,12,2025,Friday,False,False
2025-12-12 05:00:00,5,12,12,2025,Friday,False,False
2025-12-12 06:00:00,6,12,12,2025,Friday,False,False
2025-12-12 07:00:00,7,12,12,2025,Friday,True,False
2025-12-12 08:00:00,8,12,12,2025,Friday,True,False
2025-12-12 09:00:00,9,12,12,2025,Friday,True,False
2025-12-12 10:00:00,10,12,12,2025,Friday,False,False
2025-12-12 11:00:00,11,12,12,2025,Friday,False,False
2025-12-12 12:00:00,12,12,12,2025,Friday,False,False
2025-12-12 13:00:00,13,12,12,2025,Friday,False,False
2025-12-12 14:00:00,14,12,12,2025,Friday,False,False
2025-12-12 15:00:00,15,12,12,2025,Friday,False,False
2025-12-12 16:00:00,16,12,12,2025,Friday,False,False
2025-12-12 17:00:00,17,12,12,2025,Friday,True,False
2025-12-12 18:00:00,18,12,12,2025,Friday,True,False
2025-12-12 19:00:00,19,12,12,2025,Friday,True,False
2025-12-12 20:00:00,20,12,12,2025,Friday,False,False
2025-12-12 21:00:00,21,12,12,2025,Friday,False,False
2025-12-12 22:00:00,22,12,12,2025,Friday,False,False
2025-12-12 23:00:00,23,12,12,2025,Friday,False,False
2025-12-13 00:00:00,0,13,12,2025,Saturday,False,True
2025-12-13 01:00:00,1,13,12,2025,Saturday,False,True
2025-12-13 02:00:00,2,13,12,2025,Saturday,False,True
2025-12-13 03:00:00,3,13,12,2025,Saturday,False,True
2025-12-13 04:00:00,4,13,12,2025,Saturday,False,True
2025-12-13 05:00:00,5,13,12,2025,Saturday,False,True
2025-12-13 06:00:00,6,13,12,2025,Saturday,False,True
2025-12-13 07:00:00,7,13,12,2025,Saturday,True,True
2025-12-13 08:00:00,8,13,12,2025,Saturday,True,True
2025-12-13 09:00:00,9,13,12,2025,Saturday,True,True
2025-12-13 10:00:00,10,13,12,2025,Saturday,False,True
2025-12-13 11:00:00,11,13,12,2025,Saturday,False,True
2025-12-13 12:00:00,12,13,12,2025,Saturday,False,True
2025-12-13 13:00:00,13,13,12,2025,Saturday,False,True
2025-12-13 14:00:00,14,13,12,2025,Saturday,False,True
2025-12-13 15:00:00,15,13,12,2025,Saturday,False,True
2025-12-13 16:00:00,16,13,12,2025,Saturday,False,True
2025-12-13 17:00:00,17,13,12,2025,Saturday,True,True
2025-12-13 18:00:00,18,13,12,2025,Saturday,True,True
2025-12-13 19:00:00,19,13,12,2025,Saturday,True,True
2025-12-13 20:00:00,20,13,12,2025,Saturday,False,True
2025-12-13 21:00:00,21,13,12,2025,Saturday,False,True
2025-12-13 22:00:00,22,13,12,2025,Saturday,False,True
2025-12-13 23:00:00,23,13,12,2025,Saturday,False,True
2025-12-14 00:00:00,0,14,12,2025,Sunday,False,True
2025-12-14 01:00:00,1,14,12,2025,Sunday,False,True
2025-12-14 02:00:00,2,14,12,2025,Sunday,False,True
2025-12-14 03:00:00,3,14,12,2025,Sunday,False,True
2025-12-14 04:00:00,4,14,12,2025,Sunday,False,True
2025-12-14 05:00:00,5,14,12,2025,Sunday,False,True
2025-12-14 06:00:00,6,14,12,2025,Sunday,False,True
2025-12-14 07:00:00,7,14,12,2025,Sunday,True,True
2025-12-14 08:00:00,8,14,12,2025,Sunday,True,True
2025-12-14 09:00:00,9,14,12,2025,Sunday,True,True
2025-12-14 10:00:00,10,14,12,2025,Sunday,False,True
2025-12-14 11:00:00,11,14,12,2025,Sunday,False,True
2025-12-14 12:00:00,12,14,12,2025,Sunday,False,True
2025-12-14 13:00:00,13,14,12,2025,Sunday,False,True
2025-12-14 14:00:00,14,14,12,2025,Sunday,False,True
2025-12-14 15:00:00,15,14,12,2025,Sunday,False,True
2025-12-14 16:00:00,16,14,12,2025,Sunday,False,True
2025-12-14 17:00:00,17,14,12,2025,Sunday,True,True
2025-12-14 18:00:00,18,14,12,2025,Sunday,True,True
2025-12-14 19:00:00,19,14,12,2025,Sunday,True,True
2025-12-14 20:00:00,20,14,12,2025,Sunday,False,True
2025-12-14 21:00:00,21,14,12,2025,Sunday,False,True
2025-12-14 22:00:00,22,14,12,2025,Sunday,False,True
2025-12-14 23:00:00,23,14,12,2025,Sunday,False,True
2025-12-15 00:00:00,0,15,12,2025,Monday,False,False
2025-12-15 01:00:00,1,15,12,2025,Monday,False,False
2025-12-15 02:00:00,2,15,12,2025,Monday,False,False
2025-12-15 03:00:00,3,15,12,2025,Monday,False,False
2025-12-15 04:00:00,4,15,12,2025,Monday,False,False
2025-12-15 05:00:00,5,15,12,2025,Monday,False,False
2025-12-15 06:00:00,6,15,12,2025,Monday,False,False
2025-12-15 07:00:00,7,15,12,2025,Monday,True,False
2025-12-15 08:00:00,8,15,12,2025,Monday,True,False
2025-12-15 09:00:00,9,15,12,2025,Monday,True,False
2025-12-15 10:00:00,10,15,12,2025,Monday,False,False
2025-12-15 11:00:00,11,15,12,2025,Monday,False,False
2025-12-15 12:00:00,12,15,12,2025,Monday,False,False
2025-12-15 13:00:00,13,15,12,2025,Monday,False,False
2025-12-15 14:00:00,14,15,12,2025,Monday,False,False
2025-12-15 15:00:00,15,15,12,2025,Monday,False,False
2025-12-15 16:00:00,16,15,12,2025,Monday,False,False
2025-12-15 17:00:00,17,15,12,2025,Monday,True,False
2025-12-15 18:00:00,18,15,12,2025,Monday,True,False
2025-12-15 19:00:00,19,15,12,2025,Monday,True,False
2025-12-15 20:00:00,20,15,12,2025,Monday,False,False
2025-12-15 21:00:00,21,15,12,2025,Monday,False,False
2025-12-15 22:00:00,22,15,12,2025,Monday,False,False
2025-12-15 23:00:00,23,15,12,2025,Monday,False,False
2025-12-16 00:00:00,0,16,12,2025,Tuesday,False,False
2025-12-16 01:00:00,1,16,12,2025,Tuesday,False,False
2025-12-16 02:00:00,2,16,12,2025,Tuesday,False,False
2025-12-16 03:00:00,3,16,12,2025,Tuesday,False,False
2025-12-16 04:00:00,4,16,12,2025,Tuesday,False,False
2025-12-16 05:00:00,5,16,12,2025,Tuesday,False,False
2025-12-16 06:00:00,6,16,12,2025,Tuesday,False,False
2025-12-16 07:00:00,7,16,12,2025,Tuesday,True,False
2025-12-16 08:00:00,8,16,12,2025,Tuesday,True,False
2025-12-16 09:00:00,9,16,12,2025,Tuesday,True,False
2025-12-16 10:00:00,10,16,12,2025,Tuesday,False,False
2025-12-16 11:00:00,11,16,12,2025,Tuesday,False,False
2025-12-16 12:00:00,12,16,12,2025,Tuesday,False,False
2025-12-16 13:00:00,13,16,12,2025,Tuesday,False,False
2025-12-16 14:00:00,14,16,12,2025,Tuesday,False,False
2025-12-16 15:00:00,15,16,12,2025,Tuesday,False,False
2025-12-16 16:00:00,16,16,12,2025,Tuesday,False,False
2025-12-16 17:00:00,17,16,12,2025,Tuesday,True,False
2025-12-16 18:00:00,18,16,12,2025,Tuesday,True,False
2025-12-16 19:00:00,19,16,12,2025,Tuesday,True,False
2025-12-16 20:00:00,20,16,12,2025,Tuesday,False,False
2025-12-16 21:00:00,21,16,12,2025,Tuesday,False,False
2025-12-16 22:00:00,22,16,12,2025,Tuesday,False,False
2025-12-16 23:00:00,23,16,12,2025,Tuesday,False,False
2025-12-17 00:00:00,0,17,12,2025,Wednesday,False,False
2025-12-17 01:00:00,1,17,12,2025,Wednesday,False,False
2025-12-17 02:00:00,2,17,12,2025,Wednesday,False,False
2025-12-17 03:00:00,3,17,12,2025,Wednesday,False,False
2025-12-17 04:00:00,4,17,12,2025,Wednesday,False,False
2025-12-17 05:00:00,5,17,12,2025,Wednesday,False,False
2025-12-17 06:00:00,6,17,12,2025,Wednesday,False,False
2025-12-17 07:00:00,7,17,12,2025,Wednesday,True,False
2025-12-17 08:00:00,8,17,12,2025,Wednesday,True,False
2025-12-17 09:00:00,9,17,12,2025,Wednesday,True,False
2025-12-17 10:00:00,10,17,12,2025,Wednesday,False,False
2025-12-17 11:00:00,11,17,12,2025,Wednesday,False,False
2025-12-17 12:00:00,12,17,12,2025,Wednesday,False,False
2025-12-17 13:00:00,13,17,12,2025,Wednesday,False,False
2025-12-17 14:00:00,14,17,12,2025,Wednesday,False,False
2025-12-17 15:00:00,15,17,12,2025,Wednesday,False,False
2025-12-17 16:00:00,16,17,12,2025,Wednesday,False,False
2025-12-17 17:00:00,17,17,12,2025,Wednesday,True,False
2025-12-17 18:00:00,18,17,12,2025,Wednesday,True,False
2025-12-17 19:00:00,19,17,12,2025,Wednesday,True,False
2025-12-17 20:00:00,20,17,12,2025,Wednesday,False,False
2025-12-17 21:00:00,21,17,12,2025,Wednesday,False,False
2025-12-17 22:00:00,22,17,12,2025,Wednesday,False,False
2025-12-17 23:00:00,23,17,12,2025,Wednesday,False,False
2025-12-18 00:00:00,0,18,12,2025,Thursday,False,False
2025-12-18 01:00:00,1,18,12,2025,Thursday,False,False
2025-12-18 02:00:00,2,18,12,2025,Thursday,False,False
2025-12-18 03:00:00,3,18,12,2025,Thursday,False,False
2025-12-18 04:00:00,4,18,12,2025,Thursday,False,False
2025-12-18 05:00:00,5,18,12,2025,Thursday,False,False
2025-12-18 06:00:00,6,18,12,2025,Thursday,False,False
2025-12-18 07:00:00,7,18,12,2025,Thursday,True,False
2025-12-18 08:00:00,8,18,12,2025,Thursday,True,False
2025-12-18 09:00:00,9,18,12,2025,Thursday,True,False
2025-12-18 10:00:00,10,18,12,2025,Thursday,False,False
2025-12-18 11:00:00,11,18,12,2025,Thursday,False,False
2025-12-18 12:00:00,12,18,12,2025,Thursday,False,False
2025-12-18 13:00:00,13,18,12,2025,Thursday,False,False
2025-12-18 14:00:00,14,18,12,2025,Thursday,False,False
2025-12-18 15:00:00,15,18,12,2025,Thursday,False,False
2025-12-18 16:00:00,16,18,12,2025,Thursday,False,False
2025-12-18 17:00:00,17,18,12,2025,Thursday,True,False
2025-12-18 18:00:00,18,18,12,2025,Thursday,True,False
2025-12-18 19:00:00,19,18,12,2025,Thursday,True,False
2025-12-18 20:00:00,20,18,12,2025,Thursday,False,False
2025-12-18 21:00:00,21,18,12,2025,Thursday,False,False
2025-12-18 22:00:00,22,18,12,2025,Thursday,False,False
2025-12-18 23:00:00,23,18,12,2025,Thursday,False,False
2025-12-19 00:00:00,0,19,12,2025,Friday,False,False
2025-12-19 01:00:00,1,19,12,2025,Friday,False,False
2025-12-19 02:00:00,2,19,12,2025,Friday,False,False
2025-12-19 03:00:00,3,19,12,2025,Friday,False,False
2025-12-19 04:00:00,4,19,12,2025,Friday,False,False
2025-12-19 05:00:00,5,19,12,2025,Friday,False,False
2025-12-19 06:00:00,6,19,12,2025,Friday,False,False
2025-12-19 07:00:00,7,19,12,2025,Friday,True,False
2025-12-19 08:00:00,8,19,12,2025,Friday,True,False
2025-12-19 09:00:00,9,19,12,2025,Friday,True,False
2025-12-19 10:00:00,10,19,12,2025,Friday,False,False
2025-12-19 11:00:00,11,19,12,2025,Friday,False,False
2025-12-19 12:00:00,12,19,12,2025,Friday,False,False
2025-12-19 13:00:00,13,19,12,2025,Friday,False,False
2025-12-19 14:00:00,14,19,12,2025,Friday,False,False
2025-12-19 15:00:00,15,19,12,2025,Friday,False,False
2025-12-19 16:00:00,16,19,12,2025,Friday,False,False
2025-12-19 17:00:00,17,19,12,2025,Friday,True,False
2025-12-19 18:00:00,18,19,12,2025,Friday,True,False
2025-12-19 19:00:00,19,19,12,2025,Friday,True,False
2025-12-19 20:00:00,20,19,12,2025,Friday,False,False
2025-12-19 21:00:00,21,19,12,2025,Friday,False,False
2025-12-19 22:00:00,22,19,12,2025,Friday,False,False
2025-12-19 23:00:00,23,19,12,2025,Friday,False,False
2025-12-20 00:00:00,0,20,12,2025,Saturday,False,True
2025-12-20 01:00:00,1,20,12,2025,Saturday,False,True
2025-12-20 02:00:00,2,20,12,2025,Saturday,False,True
2025-12-20 03:00:00,3,20,12,2025,Saturday,False,True
2025-12-20 04:00:00,4,20,12,2025,Saturday,False,True
2025-12-20 05:00:00,5,20,12,2025,Saturday,False,True
2025-12-20 06:00:00,6,20,12,2025,Saturday,False,True
2025-12-20 07:00:00,7,20,12,2025,Saturday,True,True
2025-12-20 08:00:00,8,20,12,2025,Saturday,True,True
2025-12-20 09:00:00,9,20,12,2025,Saturday,True,True
2025-12-20 10:00:00,10,20,12,2025,Saturday,False,True
2025-12-20 11:00:00,11,20,12,2025,Saturday,False,True
2025-12-20 12:00:00,12,20,12,2025,Saturday,False,True
2025-12-20 13:00:00,13,20,12,2025,Saturday,False,True
2025-12-20 14:00:00,14,20,12,2025,Saturday,False,True
2025-12-20 15:00:00,15,20,12,2025,Saturday,False,True
2025-12-20 16:00:00,16,20,12,2025,Saturday,False,True
2025-12-20 17:00:00,17,20,12,2025,Saturday,True,True
2025-12-20 18:00:00,18,20,12,2025,Saturday,True,True
2025-12-20 19:00:00,19,20,12,2025,Saturday,True,True
2025-12-20 20:00:00,20,20,12,2025,Saturday,False,True
2025-12-20 21:00:00,21,20,12,2025,Saturday,False,True
2025-12-20 22:00:00,22,20,12,2025,Saturday,False,True
2025-12-20 23:00:00,23,20,12,2025,Saturday,False,True
2025-12-21 00:00:00,0,21,12,2025,Sunday,False,True
2025-12-21 01:00:00,1,21,12,2025,Sunday,False,True
2025-12-21 02:00:00,2,21,12,2025,Sunday,False,True
2025-12-21 03:00:00,3,21,12,2025,Sunday,False,True
2025-12-21 04:00:00,4,21,12,2025,Sunday,False,True
2025-12-21 05:00:00,5,21,12,2025,Sunday,False,True
2025-12-21 06:00:00,6,21,12,2025,Sunday,False,True
2025-12-21 07:00:00,7,21,12,2025,Sunday,True,True
2025-12-21 08:00:00,8,21,12,2025,Sunday,True,True
2025-12-21 09:00:00,9,21,12,2025,Sunday,True,True
2025-12-21 10:00:00,10,21,12,2025,Sunday,False,True
2025-12-21 11:00:00,11,21,12,2025,Sunday,False,True
2025-12-21 12:00:00,12,21,12,2025,Sunday,False,True
2025-12-21 13:00:00,13,21,12,2025,Sunday,False,True
2025-12-21 14:00:00,14,21,12,2025,Sunday,False,True
2025-12-21 15:00:00,15,21,12,2025,Sunday,False,True
2025-12-21 16:00:00,16,21,12,2025,Sunday,False,True
2025-12-21 17:00:00,17,21,12,2025,Sunday,True,True
2025-12-21 18:00:00,18,21,12,2025,Sunday,True,True
2025-12-21 19:00:00,19,21,12,2025,Sunday,True,True
2025-12-21 20:00:00,20,21,12,2025,Sunday,False,True
2025-12-21 21:00:00,21,21,12,2025,Sunday,False,True
2025-12-21 22:00:00,22,21,12,2025,Sunday,False,True
2025-12-21 23:00:00,23,21,12,2025,Sunday,False,True
2025-12-22 00:00:00,0,22,12,2025,Monday,False,False
2025-12-22 01:00:00,1,22,12,2025,Monday,False,False
2025-12-22 02:00:00,2,22,12,2025,Monday,False,False
2025-12-22 03:00:00,3,22,12,2025,Monday,False,False
2025-12-22 04:00:00,4,22,12,2025,Monday,False,False
2025-12-22 05:00:00,5,22,12,2025,Monday,False,False
2025-12-22 06:00:00,6,22,12,2025,Monday,False,False
2025-12-22 07:00:00,7,22,12,2025,Monday,True,False
2025-12-22 08:00:00,8,22,12,2025,Monday,True,False
2025-12-22 09:00:00,9,22,12,2025,Monday,True,False
2025-12-22 10:00:00,10,22,12,2025,Monday,False,False
2025-12-22 11:00:00,11,22,12,2025,Monday,False,False
2025-12-22 12:00:00,12,22,12,2025,Monday,False,False
2025-12-22 13:00:00,13,22,12,2025,Monday,False,False
2025-12-22 14:00:00,14,22,12,2025,Monday,False,False
2025-12-22 15:00:00,15,22,12,2025,Monday,False,False
2025-12-22 16:00:00,16,22,12,2025,Monday,False,False
2025-12-22 17:00:00,17,22,12,2025,Monday,True,False
2025-12-22 18:00:00,18,22,12,2025,Monday,True,False
2025-12-22 19:00:00,19,22,12,2025,Monday,True,False
2025-12-22 20:00:00,20,22,12,2025,Monday,False,False
2025-12-22 21:00:00,21,22,12,2025,Monday,False,False
2025-12-22 22:00:00,22,22,12,2025,Monday,False,False
2025-12-22 23:00:00,23,22,12,2025,Monday,False,False
2025-12-23 00:00:00,0,23,12,2025,Tuesday,False,False
2025-12-23 01:00:00,1,23,12,2025,Tuesday,False,False
2025-12-23 02:00:00,2,23,12,2025,Tuesday,False,False
2025-12-23 03:00:00,3,23,12,2025,Tuesday,False,False
2025-12-23 04:00:00,4,23,12,2025,Tuesday,False,False
2025-12-23 05:00:00,5,23,12,2025,Tuesday,False,False
2025-12-23 06:00:00,6,23,12,2025,Tuesday,False,False
2025-12-23 07:00:00,7,23,12,2025,Tuesday,True,False
2025-12-23 08:00:00,8,23,12,2025,Tuesday,True,False
2025-12-23 09:00:00,9,23,12,2025,Tuesday,True,False
2025-12-23 10:00:00,10,23,12,2025,Tuesday,False,False
2025-12-23 11:00:00,11,23,12,2025,Tuesday,False,False
2025-12-23 12:00:00,12,23,12,2025,Tuesday,False,False
2025-12-23 13:00:00,13,23,12,2025,Tuesday,False,False
2025-12-23 14:00:00,14,23,12,2025,Tuesday,False,False
2025-12-23 15:00:00,15,23,12,2025,Tuesday,False,False
2025-12-23 16:00:00,16,23,12,2025,Tuesday,False,False
2025-12-23 17:00:00,17,23,12,2025,Tuesday,True,False
2025-12-23 18:00:00,18,23,12,2025,Tuesday,True,False
2025-12-23 19:00:00,19,23,12,2025,Tuesday,True,False
2025-12-23 20:00:00,20,23,12,2025,Tuesday,False,False
2025-12-23 21:00:00,21,23,12,2025,Tuesday,False,False
2025-12-23 22:00:00,22,23,12,2025,Tuesday,False,False
2025-12-23 23:00:00,23,23,12,2025,Tuesday,False,False
2025-12-24 00:00:00,0,24,12,2025,Wednesday,False,False
2025-12-24 01:00:00,1,24,12,2025,Wednesday,False,False
2025-12-24 02:00:00,2,24,12,2025,Wednesday,False,False
2025-12-24 03:00:00,3,24,12,2025,Wednesday,False,False
2025-12-24 04:00:00,4,24,12,2025,Wednesday,False,False
2025-12-24 05:00:00,5,24,12,2025,Wednesday,False,False
2025-12-24 06:00:00,6,24,12,2025,Wednesday,False,False
2025-12-24 07:00:00,7,24,12,2025,Wednesday,True,False
2025-12-24 08:00:00,8,24,12,2025,Wednesday,True,False
2025-12-24 09:00:00,9,24,12,2025,Wednesday,True,False
2025-12-24 10:00:00,10,24,12,2025,Wednesday,False,False
2025-12-24 11:00:00,11,24,12,2025,Wednesday,False,False
2025-12-24 12:00:00,12,24,12,2025,Wednesday,False,False
2025-12-24 13:00:00,13,24,12,2025,Wednesday,False,False
2025-12-24 14:00:00,14,24,12,2025,Wednesday,False,False
2025-12-24 15:00:00,15,24,12,2025,Wednesday,False,False
2025-12-24 16:00:00,16,24,12,2025,Wednesday,False,False
2025-12-24 17:00:00,17,24,12,2025,Wednesday,True,False
2025-12-24 18:00:00,18,24,12,2025,Wednesday,True,False
2025-12-24 19:00:00,19,24,12,2025,Wednesday,True,False
2025-12-24 20:00:00,20,24,12,2025,Wednesday,False,False
2025-12-24 21:00:00,21,24,12,2025,Wednesday,False,False
2025-12-24 22:00:00,22,24,12,2025,Wednesday,False,False
2025-12-24 23:00:00,23,24,12,2025,Wednesday,False,False
2025-12-25 00:00:00,0,25,12,2025,Thursday,False,False
2025-12-25 01:00:00,1,25,12,2025,Thursday,False,False
2025-12-25 02:00:00,2,25,12,2025,Thursday,False,False
2025-12-25 03:00:00,3,25,12,2025,Thursday,False,False
2025-12-25 04:00:00,4,25,12,2025,Thursday,False,False
2025-12-25 05:00:00,5,25,12,2025,Thursday,False,False
2025-12-25 06:00:00,6,25,12,2025,Thursday,False,False
2025-12-25 07:00:00,7,25,12,2025,Thursday,True,False
2025-12-25 08:00:00,8,25,12,2025,Thursday,True,False
2025-12-25 09:00:00,9,25,12,2025,Thursday,True,False
2025-12-25 10:00:00,10,25,12,2025,Thursday,False,False
2025-12-25 11:00:00,11,25,12,2025,Thursday,False,False
2025-12-25 12:00:00,12,25,12,2025,Thursday,False,False
2025-12-25 13:00:00,13,25,12,2025,Thursday,False,False
2025-12-25 14:00:00,14,25,12,2025,Thursday,False,False
2025-12-25 15:00:00,15,25,12,2025,Thursday,False,False
2025-12-25 16:00:00,16,25,12,2025,Thursday,False,False
2025-12-25 17:00:00,17,25,12,2025,Thursday,True,False
2025-12-25 18:00:00,18,25,12,2025,Thursday,True,False
2025-12-25 19:00:00,19,25,12,2025,Thursday,True,False
2025-12-25 20:00:00,20,25,12,2025,Thursday,False,False
2025-12-25 21:00:00,21,25,12,2025,Thursday,False,False
2025-12-25 22:00:00,22,25,12,2025,Thursday,False,False
2025-12-25 23:00:00,23,25,12,2025,Thursday,False,False
2025-12-26 00:00:00,0,26,12,2025,Friday,False,False
2025-12-26 01:00:00,1,26,12,2025,Friday,False,False
2025-12-26 02:00:00,2,26,12,2025,Friday,False,False
2025-12-26 03:00:00,3,26,12,2025,Friday,False,False
2025-12-26 04:00:00,4,26,12,2025,Friday,False,False
2025-12-26 05:00:00,5,26,12,2025,Friday,False,False
2025-12-26 06:00:00,6,26,12,2025,Friday,False,False
2025-12-26 07:00:00,7,26,12,2025,Friday,True,False
2025-12-26 08:00:00,8,26,12,2025,Friday,True,False
2025-12-26 09:00:00,9,26,12,2025,Friday,True,False
2025-12-26 10:00:00,10,26,12,2025,Friday,False,False
2025-12-26 11:00:00,11,26,12,2025,Friday,False,False
2025-12-26 12:00:00,12,26,12,2025,Friday,False,False
2025-12-26 13:00:00,13,26,12,2025,Friday,False,False
2025-12-26 14:00:00,14,26,12,2025,Friday,False,False
2025-12-26 15:00:00,15,26,12,2025,Friday,False,False
2025-12-26 16:00:00,16,26,12,2025,Friday,False,False
2025-12-26 17:00:00,17,26,12,2025,Friday,True,False
2025-12-26 18:00:00,18,26,12,2025,Friday,True,False
2025-12-26 19:00:00,19,26,12,2025,Friday,True,False
2025-12-26 20:00:00,20,26,12,2025,Friday,False,False
2025-12-26 21:00:00,21,26,12,2025,Friday,False,False
2025-12-26 22:00:00,22,26,12,2025,Friday,False,False
2025-12-26 23:00:00,23,26,12,2025,Friday,False,False
2025-12-27 00:00:00,0,27,12,2025,Saturday,False,True
2025-12-27 01:00:00,1,27,12,2025,Saturday,False,True
2025-12-27 02:00:00,2,27,12,2025,Saturday,False,True
2025-12-27 03:00:00,3,27,12,2025,Saturday,False,True
2025-12-27 04:00:00,4,27,12,2025,Saturday,False,True
2025-12-27 05:00:00,5,27,12,2025,Saturday,False,True
2025-12-27 06:00:00,6,27,12,2025,Saturday,False,True
2025-12-27 07:00:00,7,27,12,2025,Saturday,True,True
2025-12-27 08:00:00,8,27,12,2025,Saturday,True,True
2025-12-27 09:00:00,9,27,12,2025,Saturday,True,True
2025-12-27 10:00:00,10,27,12,2025,Saturday,False,True
2025-12-27 11:00:00,11,27,12,2025,Saturday,False,True
2025-12-27 12:00:00,12,27,12,2025,Saturday,False,True
2025-12-27 13:00:00,13,27,12,2025,Saturday,False,True
2025-12-27 14:00:00,14,27,12,2025,Saturday,False,True
2025-12-27 15:00:00,15,27,12,2025,Saturday,False,True
2025-12-27 16:00:00,16,27,12,2025,Saturday,False,True
2025-12-27 17:00:00,17,27,12,2025,Saturday,True,True
2025-12-27 18:00:00,18,27,12,2025,Saturday,True,True
2025-12-27 19:00:00,19,27,12,2025,Saturday,True,True
2025-12-27 20:00:00,20,27,12,2025,Saturday,False,True
2025-12-27 21:00:00,21,27,12,2025,Saturday,False,True
2025-12-27 22:00:00,22,27,12,2025,Saturday,False,True
2025-12-27 23:00:00,23,27,12,2025,Saturday,False,True
2025-12-28 00:00:00,0,28,12,2025,Sunday,False,True
2025-12-28 01:00:00,1,28,12,2025,Sunday,False,True
2025-12-28 02:00:00,2,28,12,2025,Sunday,False,True
2025-12-28 03:00:00,3,28,12,2025,Sunday,False,True
2025-12-28 04:00:00,4,28,12,2025,Sunday,False,True
2025-12-28 05:00:00,5,28,12,2025,Sunday,False,True
2025-12-28 06:00:00,6,28,12,2025,Sunday,False,True
2025-12-28 07:00:00,7,28,12,2025,Sunday,True,True
2025-12-28 08:00:00,8,28,12,2025,Sunday,True,True
2025-12-28 09:00:00,9,28,12,2025,Sunday,True,True
2025-12-28 10:00:00,10,28,12,2025,Sunday,False,True
2025-12-28 11:00:00,11,28,12,2025,Sunday,False,True
2025-12-28 12:00:00,12,28,12,2025,Sunday,False,True
2025-12-28 13:00:00,13,28,12,2025,Sunday,False,True
2025-12-28 14:00:00,14,28,12,2025,Sunday,False,True
2025-12-28 15:00:00,15,28,12,2025,Sunday,False,True
2025-12-28 16:00:00,16,28,12,2025,Sunday,False,True
2025-12-28 17:00:00,17,28,12,2025,Sunday,True,True
2025-12-28 18:00:00,18,28,12,2025,Sunday,True,True
2025-12-28 19:00:00,19,28,12,2025,Sunday,True,True
2025-12-28 20:00:00,20,28,12,2025,Sunday,False,True
2025-12-28 21:00:00,21,28,12,2025,Sunday,False,True
2025-12-28 22:00:00,22,28,12,2025,Sunday,False,True
2025-12-28 23:00:00,23,28,12,2025,Sunday,False,True
2025-12-29 00:00:00,0,29,12,2025,Monday,False,False
2025-12-29 01:00:00,1,29,12,2025,Monday,False,False
2025-12-29 02:00:00,2,29,12,2025,Monday,False,False
2025-12-29 03:00:00,3,29,12,2025,Monday,False,False
2025-12-29 04:00:00,4,29,12,2025,Monday,False,False
2025-12-29 05:00:00,5,29,12,2025,Monday,False,False
2025-12-29 06:00:00,6,29,12,2025,Monday,False,False
2025-12-29 07:00:00,7,29,12,2025,Monday,True,False
2025-12-29 08:00:00,8,29,12,2025,Monday,True,False
2025-12-29 09:00:00,9,29,12,2025,Monday,True,False
2025-12-29 10:00:00,10,29,12,2025,Monday,False,False
2025-12-29 11:00:00,11,29,12,2025,Monday,False,False
2025-12-29 12:00:00,12,29,12,2025,Monday,False,False
2025-12-29 13:00:00,13,29,12,2025,Monday,False,False
2025-12-29 14:00:00,14,29,12,2025,Monday,False,False
2025-12-29 15:00:00,15,29,12,2025,Monday,False,False
2025-12-29 16:00:00,16,29,12,2025,Monday,False,False
2025-12-29 17:00:00,17,29,12,2025,Monday,True,False
2025-12-29 18:00:00,18,29,12,2025,Monday,True,False
2025-12-29 19:00:00,19,29,12,2025,Monday,True,False
2025-12-29 20:00:00,20,29,12,2025,Monday,False,False
2025-12-29 21:00:00,21,29,12,2025,Monday,False,False
2025-12-29 22:00:00,22,29,12,2025,Monday,False,False
2025-12-29 23:00:00,23,29,12,2025,Monday,False,False
2025-12-30 00:00:00,0,30,12,2025,Tuesday,False,False
2025-12-30 01:00:00,1,30,12,2025,Tuesday,False,False
2025-12-30 02:00:00,2,30,12,2025,Tuesday,False,False
2025-12-30 03:00:00,3,30,12,2025,Tuesday,False,False
2025-12-30 04:00:00,4,30,12,2025,Tuesday,False,False
2025-12-30 05:00:00,5,30,12,2025,Tuesday,False,False
2025-12-30 06:00:00,6,30,12,2025,Tuesday,False,False
2025-12-30 07:00:00,7,30,12,2025,Tuesday,True,False
2025-12-30 08:00:00,8,30,12,2025,Tuesday,True,False
2025-12-30 09:00:00,9,30,12,2025,Tuesday,True,False
2025-12-30 10:00:00,10,30,12,2025,Tuesday,False,False
2025-12-30 11:00:00,11,30,12,2025,Tuesday,False,False
2025-12-30 12:00:00,12,30,12,2025,Tuesday,False,False
2025-12-30 13:00:00,13,30,12,2025,Tuesday,False,False
2025-12-30 14:00:00,14,30,12,2025,Tuesday,False,False
2025-12-30 15:00:00,15,30,12,2025,Tuesday,False,False
2025-12-30 16:00:00,16,30,12,2025,Tuesday,False,False
2025-12-30 17:00:00,17,30,12,2025,Tuesday,True,False
2025-12-30 18:00:00,18,30,12,2025,Tuesday,True,False
2025-12-30 19:00:00,19,30,12,2025,Tuesday,True,False
2025-12-30 20:00:00,20,30,12,2025,Tuesday,False,False
2025-12-30 21:00:00,21,30,12,2025,Tuesday,False,False
2025-12-30 22:00:00,22,30,12,2025,Tuesday,False,False
2025-12-30 23:00:00,23,30,12,2025,Tuesday,False,False
2025-12-31 00:00:00,0,31,12,2025,Wednesday,False,False
2025-12-31 01:00:00,1,31,12,2025,Wednesday,False,False
2025-12-31 02:00:00,2,31,12,2025,Wednesday,False,False
2025-12-31 03:00:00,3,31,12,2025,Wednesday,False,False
2025-12-31 04:00:00,4,31,12,2025,Wednesday,False,False
2025-12-31 05:00:00,5,31,12,2025,Wednesday,False,False
2025-12-31 06:00:00,6,31,12,2025,Wednesday,False,False
2025-12-31 07:00:00,7,31,12,2025,Wednesday,True,False
2025-12-31 08:00:00,8,31,12,2025,Wednesday,True,False
2025-12-31 09:00:00,9,31,12,2025,Wednesday,True,False
2025-12-31 10:00:00,10,31,12,2025,Wednesday,False,False
2025-12-31 11:00:00,11,31,12,2025,Wednesday,False,False
2025-12-31 12:00:00,12,31,12,2025,Wednesday,False,False
2025-12-31 13:00:00,13,31,12,2025,Wednesday,False,False
2025-12-31 14:00:00,14,31,12,2025,Wednesday,False,False
2025-12-31 15:00:00,15,31,12,2025,Wednesday,False,False
2025-12-31 16:00:00,16,31,12,2025,Wednesday,False,False
2025-12-31 17:00:00,17,31,12,2025,Wednesday,True,False
2025-12-31 18:00:00,18,31,12,2025,Wednesday,True,False
2025-12-31 19:00:00,19,31,12,2025,Wednesday,True,False
2025-12-31 20:00:00,20,31,12,2025,Wednesday,False,False
2025-12-31 21:00:00,21,31,12,2025,Wednesday,False,False
2025-12-31 22:00:00,22,31,12,2025,Wednesday,False,False
2025-12-31 23:00:00,23,31,12,2025,Wednesday,False,False
2026-01-01 00:00:00,0,1,1,2026,Thursday,False,False
2026-01-01 01:00:00,1,1,1,2026,Thursday,False,False
2026-01-01 02:00:00,2,1,1,2026,Thursday,False,False
2026-01-01 03:00:00,3,1,1,2026,Thursday,False,False
2026-01-01 04:00:00,4,1,1,2026,Thursday,False,False
2026-01-01 05:00:00,5,1,1,2026,Thursday,False,False
2026-01-01 06:00:00,6,1,1,2026,Thursday,False,False
2026-01-01 07:00:00,7,1,1,2026,Thursday,True,False
2026-01-01 08:00:00,8,1,1,2026,Thursday,True,False
2026-01-01 09:00:00,9,1,1,2026,Thursday,True,False
2026-01-01 10:00:00,10,1,1,2026,Thursday,False,False
2026-01-01 11:00:00,11,1,1,2026,Thursday,False,False
2026-01-01 12:00:00,12,1,1,2026,Thursday,False,False
2026-01-01 13:00:00,13,1,1,2026,Thursday,False,False
2026-01-01 14:00:00,14,1,1,2026,Thursday,False,False
2026-01-01 15:00:00,15,1,1,2026,Thursday,False,False
2026-01-01 16:00:00,16,1,1,2026,Thursday,False,False
2026-01-01 17:00:00,17,1,1,2026,Thursday,True,False
2026-01-01 18:00:00,18,1,1,2026,Thursday,True,False
2026-01-01 19:00:00,19,1,1,2026,Thursday,True,False
2026-01-01 20:00:00,20,1,1,2026,Thursday,False,False
2026-01-01 21:00:00,21,1,1,2026,Thursday,False,False
2026-01-01 22:00:00,22,1,1,2026,Thursday,False,False
2026-01-01 23:00:00,23,1,1,2026,Thursday,False,False
2026-01-02 00:00:00,0,2,1,2026,Friday,False,False
2026-01-02 01:00:00,1,2,1,2026,Friday,False,False
2026-01-02 02:00:00,2,2,1,2026,Friday,False,False
2026-01-02 03:00:00,3,2,1,2026,Friday,False,False
2026-01-02 04:00:00,4,2,1,2026,Friday,False,False
2026-01-02 05:00:00,5,2,1,2026,Friday,False,False
2026-01-02 06:00:00,6,2,1,2026,Friday,False,False
2026-01-02 07:00:00,7,2,1,2026,Friday,True,False
2026-01-02 08:00:00,8,2,1,2026,Friday,True,False
2026-01-02 09:00:00,9,2,1,2026,Friday,True,False
2026-01-02 10:00:00,10,2,1,2026,Friday,False,False
2026-01-02 11:00:00,11,2,1,2026,Friday,False,False
2026-01-02 12:00:00,12,2,1,2026,Friday,False,False
2026-01-02 13:00:00,13,2,1,2026,Friday,False,False
2026-01-02 14:00:00,14,2,1,2026,Friday,False,False
2026-01-02 15:00:00,15,2,1,2026,Friday,False,False
2026-01-02 16:00:00,16,2,1,2026,Friday,False,False
2026-01-02 17:00:00,17,2,1,2026,Friday,True,False
2026-01-02 18:00:00,18,2,1,2026,Friday,True,False
2026-01-02 19:00:00,19,2,1,2026,Friday,True,False
2026-01-02 20:00:00,20,2,1,2026,Friday,False,False
2026-01-02 21:00:00,21,2,1,2026,Friday,False,False
2026-01-02 22:00:00,22,2,1,2026,Friday,False,False
2026-01-02 23:00:00,23,2,1,2026,Friday,False,False
2026-01-03 00:00:00,0,3,1,2026,Saturday,False,True
2026-01-03 01:00:00,1,3,1,2026,Saturday,False,True
2026-01-03 02:00:00,2,3,1,2026,Saturday,False,True
2026-01-03 03:00:00,3,3,1,2026,Saturday,False,True
2026-01-03 04:00:00,4,3,1,2026,Saturday,False,True
2026-01-03 05:00:00,5,3,1,2026,Saturday,False,True
2026-01-03 06:00:00,6,3,1,2026,Saturday,False,True
2026-01-03 07:00:00,7,3,1,2026,Saturday,True,True
2026-01-03 08:00:00,8,3,1,2026,Saturday,True,True
2026-01-03 09:00:00,9,3,1,2026,Saturday,True,True
2026-01-03 10:00:00,10,3,1,2026,Saturday,False,True
2026-01-03 11:00:00,11,3,1,2026,Saturday,False,True
2026-01-03 12:00:00,12,3,1,2026,Saturday,False,True
2026-01-03 13:00:00,13,3,1,2026,Saturday,False,True
2026-01-03 14:00:00,14,3,1,2026,Saturday,False,True
2026-01-03 15:00:00,15,3,1,2026,Saturday,False,True
2026-01-03 16:00:00,16,3,1,2026,Saturday,False,True
2026-01-03 17:00:00,17,3,1,2026,Saturday,True,True
2026-01-03 18:00:00,18,3,1,2026,Saturday,True,True
2026-01-03 19:00:00,19,3,1,2026,Saturday,True,True
2026-01-03 20:00:00,20,3,1,2026,Saturday,False,True
2026-01-03 21:00:00,21,3,1,2026,Saturday,False,True
2026-01-03 22:00:00,22,3,1,2026,Saturday,False,True
2026-01-03 23:00:00,23,3,1,2026,Saturday,False,True
2026-01-04 00:00:00,0,4,1,2026,Sunday,False,True
2026-01-04 01:00:00,1,4,1,2026,Sunday,False,True
2026-01-04 02:00:00,2,4,1,2026,Sunday,False,True
2026-01-04 03:00:00,3,4,1,2026,Sunday,False,True
2026-01-04 04:00:00,4,4,1,2026,Sunday,False,True
2026-01-04 05:00:00,5,4,1,2026,Sunday,False,True
2026-01-04 06:00:00,6,4,1,2026,Sunday,False,True
2026-01-04 07:00:00,7,4,1,2026,Sunday,True,True
2026-01-04 08:00:00,8,4,1,2026,Sunday,True,True
2026-01-04 09:00:00,9,4,1,2026,Sunday,True,True
2026-01-04 10:00:00,10,4,1,2026,Sunday,False,True
2026-01-04 11:00:00,11,4,1,2026,Sunday,False,True
2026-01-04 12:00:00,12,4,1,2026,Sunday,False,True
2026-01-04 13:00:00,13,4,1,2026,Sunday,False,True
2026-01-04 14:00:00,14,4,1,2026,Sunday,False,True
2026-01-04 15:00:00,15,4,1,2026,Sunday,False,True
2026-01-04 16:00:00,16,4,1,2026,Sunday,False,True
2026-01-04 17:00:00,17,4,1,2026,Sunday,True,True
2026-01-04 18:00:00,18,4,1,2026,Sunday,True,True
2026-01-04 19:00:00,19,4,1,2026,Sunday,True,True
2026-01-04 20:00:00,20,4,1,2026,Sunday,False,True
2026-01-04 21:00:00,21,4,1,2026,Sunday,False,True
2026-01-04 22:00:00,22,4,1,2026,Sunday,False,True
2026-01-04 23:00:00,23,4,1,2026,Sunday,False,True
2026-01-05 00:00:00,0,5,1,2026,Monday,False,False
2026-01-05 01:00:00,1,5,1,2026,Monday,False,False
2026-01-05 02:00:00,2,5,1,2026,Monday,False,False
2026-01-05 03:00:00,3,5,1,2026,Monday,False,False
2026-01-05 04:00:00,4,5,1,2026,Monday,False,False
2026-01-05 05:00:00,5,5,1,2026,Monday,False,False
2026-01-05 06:00:00,6,5,1,2026,Monday,False,False
2026-01-05 07:00:00,7,5,1,2026,Monday,True,False
2026-01-05 08:00:00,8,5,1,2026,Monday,True,False
2026-01-05 09:00:00,9,5,1,2026,Monday,True,False
2026-01-05 10:00:00,10,5,1,2026,Monday,False,False
2026-01-05 11:00:00,11,5,1,2026,Monday,False,False
2026-01-05 12:00:00,12,5,1,2026,Monday,False,False
2026-01-05 13:00:00,13,5,1,2026,Monday,False,False
2026-01-05 14:00:00,14,5,1,2026,Monday,False,False
2026-01-05 15:00:00,15,5,1,2026,Monday,False,False
2026-01-05 16:00:00,16,5,1,2026,Monday,False,False
2026-01-05 17:00:00,17,5,1,2026,Monday,True,False
2026-01-05 18:00:00,18,5,1,2026,Monday,True,False
2026-01-05 19:00:00,19,5,1,2026,Monday,True,False
2026-01-05 20:00:00,20,5,1,2026,Monday,False,False
2026-01-05 21:00:00,21,5,1,2026,Monday,False,False
2026-01-05 22:00:00,22,5,1,2026,Monday,False,False
2026-01-05 23:00:00,23,5,1,2026,Monday,False,False
2026-01-06 00:00:00,0,6,1,2026,Tuesday,False,False
2026-01-06 01:00:00,1,6,1,2026,Tuesday,False,False
2026-01-06 02:00:00,2,6,1,2026,Tuesday,False,False
2026-01-06 03:00:00,3,6,1,2026,Tuesday,False,False
2026-01-06 04:00:00,4,6,1,2026,Tuesday,False,False
2026-01-06 05:00:00,5,6,1,2026,Tuesday,False,False
2026-01-06 06:00:00,6,6,1,2026,Tuesday,False,False
2026-01-06 07:00:00,7,6,1,2026,Tuesday,True,False
2026-01-06 08:00:00,8,6,1,2026,Tuesday,True,False
2026-01-06 09:00:00,9,6,1,2026,Tuesday,True,False
2026-01-06 10:00:00,10,6,1,2026,Tuesday,False,False
2026-01-06 11:00:00,11,6,1,2026,Tuesday,False,False
2026-01-06 12:00:00,12,6,1,2026,Tuesday,False,False
2026-01-06 13:00:00,13,6,1,2026,Tuesday,False,False
2026-01-06 14:00:00,14,6,1,2026,Tuesday,False,False
2026-01-06 15:00:00,15,6,1,2026,Tuesday,False,False
2026-01-06 16:00:00,16,6,1,2026,Tuesday,False,False
2026-01-06 17:00:00,17,6,1,2026,Tuesday,True,False
2026-01-06 18:00:00,18,6,1,2026,Tuesday,True,False
2026-01-06 19:00:00,19,6,1,2026,Tuesday,True,False
2026-01-06 20:00:00,20,6,1,2026,Tuesday,False,False
2026-01-06 21:00:00,21,6,1,2026,Tuesday,False,False
2026-01-06 22:00:00,22,6,1,2026,Tuesday,False,False
2026-01-06 23:00:00,23,6,1,2026,Tuesday,False,False
2026-01-07 00:00:00,0,7,1,2026,Wednesday,False,False
2026-01-07 01:00:00,1,7,1,2026,Wednesday,False,False
2026-01-07 02:00:00,2,7,1,2026,Wednesday,False,False
2026-01-07 03:00:00,3,7,1,2026,Wednesday,False,False
2026-01-07 04:00:00,4,7,1,2026,Wednesday,False,False
2026-01-07 05:00:00,5,7,1,2026,Wednesday,False,False
2026-01-07 06:00:00,6,7,1,2026,Wednesday,False,False
2026-01-07 07:00:00,7,7,1,2026,Wednesday,True,False
2026-01-07 08:00:00,8,7,1,2026,Wednesday,True,False
2026-01-07 09:00:00,9,7,1,2026,Wednesday,True,False
2026-01-07 10:00:00,10,7,1,2026,Wednesday,False,False
2026-01-07 11:00:00,11,7,1,2026,Wednesday,False,False
2026-01-07 12:00:00,12,7,1,2026,Wednesday,False,False
2026-01-07 13:00:00,13,7,1,2026,Wednesday,False,False
2026-01-07 14:00:00,14,7,1,2026,Wednesday,False,False
2026-01-07 15:00:00,15,7,1,2026,Wednesday,False,False
2026-01-07 16:00:00,16,7,1,2026,Wednesday,False,False
2026-01-07 17:00:00,17,7,1,2026,Wednesday,True,False
2026-01-07 18:00:00,18,7,1,2026,Wednesday,True,False
2026-01-07 19:00:00,19,7,1,2026,Wednesday,True,False
2026-01-07 20:00:00,20,7,1,2026,Wednesday,False,False
2026-01-07 21:00:00,21,7,1,2026,Wednesday,False,False
2026-01-07 22:00:00,22,7,1,2026,Wednesday,False,False
2026-01-07 23:00:00,23,7,1,2026,Wednesday,False,False
2026-01-08 00:00:00,0,8,1,2026,Thursday,False,False
2026-01-08 01:00:00,1,8,1,2026,Thursday,False,False
2026-01-08 02:00:00,2,8,1,2026,Thursday,False,False
2026-01-08 03:00:00,3,8,1,2026,Thursday,False,False
2026-01-08 04:00:00,4,8,1,2026,Thursday,False,False
2026-01-08 05:00:00,5,8,1,2026,Thursday,False,False
2026-01-08 06:00:00,6,8,1,2026,Thursday,False,False
2026-01-08 07:00:00,7,8,1,2026,Thursday,True,False
2026-01-08 08:00:00,8,8,1,2026,Thursday,True,False
2026-01-08 09:00:00,9,8,1,2026,Thursday,True,False
2026-01-08 10:00:00,10,8,1,2026,Thursday,False,False
2026-01-08 11:00:00,11,8,1,2026,Thursday,False,False
2026-01-08 12:00:00,12,8,1,2026,Thursday,False,False
2026-01-08 13:00:00,13,8,1,2026,Thursday,False,False
2026-01-08 14:00:00,14,8,1,2026,Thursday,False,False
2026-01-08 15:00:00,15,8,1,2026,Thursday,False,False
2026-01-08 16:00:00,16,8,1,2026,Thursday,False,False
2026-01-08 17:00:00,17,8,1,2026,Thursday,True,False
2026-01-08 18:00:00,18,8,1,2026,Thursday,True,False
2026-01-08 19:00:00,19,8,1,2026,Thursday,True,False
